scenario,total_cost_busd,abatement_mtco2,elec_twh,added_elec_twh,h2_mt
shaheen_ncc_elec_flat_coupled,8.339566912754517,51.50482444761669,190.61706839660098,146.03395095832772,0.0
shaheen_ncc_elec_flat_decoupled,8.339566912754517,51.50482444761669,190.61706839660098,146.03395095832772,0.0
shaheen_ncc_elec_rising_coupled,25.042930223368042,51.50482444761669,171.86333934819868,146.03395095832772,0.0
shaheen_ncc_elec_rising_decoupled,25.042930223368042,51.50482444761669,190.61706839660098,146.03395095832772,0.0
shaheen_ncc_h2_flat_coupled,15.973637356288092,51.50482444761669,76.96314339660103,32.38002595832774,4.546157
shaheen_ncc_h2_flat_decoupled,8.385378536843517,51.50482444761669,76.96314339660103,32.38002595832774,4.546157
shaheen_ncc_h2_rising_coupled,42.03681054478161,51.50482444761669,76.96314339660103,32.38002595832774,4.546157
shaheen_ncc_h2_rising_decoupled,12.089005905957045,51.50482444761669,76.96314339660103,32.38002595832774,4.546157
