scenario,year,cost_busd_per_year,abatement_mtco2_per_year,added_electricity_twh_per_year,hydrogen_mt_per_year
S1_Baseline_Trends,2030,-0.038534392337026414,0.22878659156132133,0.48767357681249796,0.0
S1_Baseline_Trends,2040,6.2800384898736965,11.09535642284862,46.146646663253925,0.0
S1_Baseline_Trends,2050,25.042930223368042,51.50482444761669,146.03395095832772,0.0
S2_NetZero_HighAmbition,2030,7.273082666032621,1.9018441617000468,72.11453379629505,0.0
S2_NetZero_HighAmbition,2040,19.793648710841165,30.188724178057793,146.03395095832772,0.0
S2_NetZero_HighAmbition,2050,25.042930223368042,51.50482444761669,146.03395095832772,0.0
S3_Tech_Constraints,2030,10.808772597170217,16.268279030068506,5.466012193650192,1.7122349999999997
S3_Tech_Constraints,2040,25.80115524602798,33.03786090027658,28.6175534424644,3.101987
S3_Tech_Constraints,2050,42.03681054478161,51.50482444761669,32.38002595832774,4.546157
