{
  "naphtha_scale": 5.700909645012496,
  "electricity_scale": 0.7996399037289017,
  "other_scale": 0.405614375630478,
  "new_ef_fossil": 0.0149,
  "new_ef_electricity": 0.0045
}