Year,Naphtha,LPG,Natural_Gas,Electricity,Total
2025,393.98958288871665,0.0,56.32018502092652,3.8601622552361556,454.16993016487936
2030,424.22963344636935,0.0,60.642952211779445,3.7570952103952595,488.6296808685441
2040,491.8509638845208,0.0,70.30931398133315,3.559143371605312,565.7194212374592
2050,570.2509952188786,0.0,81.51647392201777,3.3716211142568744,655.1390902551533
