Year,Total_Emissions_MtCO2,Total_Energy_Million_toe,Naphtha_Share_Percent
2023,63.299243167132275,67.7,82.89999999999999
2030,67.73440299529753,67.7,82.89999999999999
2040,74.6265795311504,67.7,82.89999999999999
2050,82.23541676312122,67.7,82.89999999999999
