scenario,emissions_2030_mt,emissions_2050_mt,cumulative_2025_2050_mt,total_heat_pump_2050_mt,total_ncc_h2_2050_mt,total_ncc_elec_2050_mt,total_re_ppa_2050_mt,reduction_2030_pct,reduction_2050_pct
Conservative,48.0,20.0,1234.7911111111116,5.112176825659369,16.673477300749237,0,6.493456984702537,7.6923076923076925,61.53846153846154
Moderate,46.0,10.0,1204.7911111111116,5.112176825659369,26.673477300749237,0,6.493456984702537,11.538461538461538,80.76923076923077
Aggressive,42.0,4.999999999999993,1167.7911111111116,5.112176825659369,31.673477300749237,0,6.493456984702537,19.230769230769234,90.3846153846154
