scenario,emissions_2030_mt,emissions_2050_mt,cumulative_2025_2050_mt,total_heat_pump_2050_mt,total_ncc_h2_2050_mt,total_ncc_elec_2050_mt,total_re_ppa_2050_mt,reduction_2030_pct,reduction_2050_pct
Conservative,48.0,20.0,1016.0000000000001,5.112176825659369,18.065137777777778,0.0,5.101796507673995,7.6923076923076925,61.53846153846154
Moderate,46.0,10.0,885.9999999999999,5.112176825659369,26.62314042489883,0.0,6.543793860552944,11.538461538461538,80.76923076923077
Aggressive,42.0,5.0,711.0,5.112176825659369,28.469795555555557,2.610370954713244,7.086767775182972,19.230769230769234,90.38461538461539
