scenario,emissions_2030_mt,emissions_2050_mt,cumulative_2025_2050_mt,total_heat_pump_2050_mt,total_ncc_h2_2050_mt,total_ncc_elec_2050_mt,reduction_2030_pct,reduction_2050_pct
Linear_2050,42.0,2.0,707.1877696483187,3.8851907313962215,37.60323707441514,4.79068330529978,19.230769230769234,96.15384615384616
Korea_NDC,41.47,0.5,657.3577696483187,3.8851907313962215,37.60323707441514,6.29068330529978,20.25,99.03846153846155
Early_Action,32.0,0.5,533.0049078058114,3.8851907313962215,37.60323707441514,6.29068330529978,38.46153846153847,99.03846153846155
Budget_800Mt,0.0,0.0,239.08569078746348,3.8851907313962215,37.60323707441514,6.79068330529978,100.0,100.0
Budget_1000Mt,0.0,0.0,239.08569078746348,3.8851907313962215,37.60323707441514,6.79068330529978,100.0,100.0
Budget_600Mt,0.0,0.0,239.08569078746348,3.8851907313962215,37.60323707441514,6.79068330529978,100.0,100.0
