scenario,emissions_2030_mt,emissions_2050_mt,cumulative_2025_2050_mt,total_heat_pump_2050_mt,total_ncc_h2_2050_mt,total_ncc_elec_2050_mt,total_re_ppa_2050_mt,reduction_2030_pct,reduction_2050_pct
Policy_Target,39.0,5.20000000000001,658.5024472524426,1.04217772061485,23.033200371714436,24.481811984,8.437015833916952,25.0,89.99999999999999
