scenario,emissions_2030_mt,emissions_2050_mt,cumulative_2025_2050_mt,total_heat_pump_2050_mt,total_ncc_h2_2050_mt,total_ncc_elec_2050_mt,total_re_ppa_2050_mt,reduction_2030_pct,reduction_2050_pct
Conservative,48.0,19.999999999999993,1016.0000000000001,6.584483751449268,27.20986763043301,0.0,8.389143729228875,7.6923076923076925,61.538461538461554
Moderate,46.0,9.999999999999993,885.9999999999999,6.584483751449268,36.38097383124002,0.8288937991929863,8.389143729228875,11.538461538461538,80.76923076923079
Aggressive,42.0,5.000000000000007,711.0,6.584483751449268,34.980973831240014,7.228893799192985,8.389143729228875,19.230769230769234,90.38461538461537
