scenario,emissions_2030_mt,emissions_2050_mt,cumulative_2025_2050_mt,total_heat_pump_2050_mt,total_ncc_h2_2050_mt,total_ncc_elec_2050_mt,total_re_ppa_2050_mt,reduction_2030_pct,reduction_2050_pct
Moderate_2050,46.0,10.0,1196.279466666667,3.8851907313962215,0.0,34.39392037971492,0.0,11.538461538461538,80.76923076923077
Korea_NDC_Relaxed,46.0,15.0,1221.7911111111116,3.8851907313962215,0.0,29.39392037971492,0.0,11.538461538461538,71.15384615384616
Gradual_Path,48.0,20.0,1234.7911111111116,3.8851907313962215,0.0,24.39392037971492,0.0,7.6923076923076925,61.53846153846154
Budget_1200Mt,0.0,0.0,203.18035393769765,3.8851907313962215,0.29722632059723963,37.60323707441514,6.493456984702537,100.0,100.0
Budget_1000Mt,0.0,0.0,203.18035393769765,3.8851907313962215,0.29722632059723963,37.60323707441514,6.493456984702537,100.0,100.0
Budget_800Mt,0.0,0.0,203.18035393769765,3.8851907313962215,0.29722632059723963,37.60323707441514,6.493456984702537,100.0,100.0
