scenario,emissions_2030_mt,emissions_2050_mt,cumulative_2025_2050_mt,total_heat_pump_2050_mt,total_ncc_h2_2050_mt,total_ncc_elec_2050_mt,total_re_ppa_2050_mt,reduction_2030_pct,reduction_2050_pct
Conservative,48.0,20.0,1016.0000000000001,1.04217772061485,8.242998520307161,24.481811984,8.427217685324237,7.6923076923076925,61.53846153846154
Moderate,46.0,10.0,885.9999999999999,1.04217772061485,18.233200371714442,24.481811984,8.437015833916952,11.538461538461538,80.76923076923077
Aggressive,42.0,5.0,713.1088529313555,1.04217772061485,23.233200371714442,24.481811984,8.437015833916952,19.230769230769234,90.38461538461539
