scenario,emissions_2030_mt,emissions_2050_mt,cumulative_2025_2050_mt,total_heat_pump_2050_mt,total_ncc_h2_2050_mt,total_ncc_elec_2050_mt,total_re_ppa_2050_mt,reduction_2030_pct,reduction_2050_pct
Policy_Target,53.3,0.0,882.7025675178462,3.2918471733493444,0,56.26984014573702,8.478349188156638,-2.4999999999999947,100.0
