scenario,emissions_2030_mt,emissions_2050_mt,cumulative_2025_2050_mt,total_heat_pump_2050_mt,total_ncc_h2_2050_mt,total_ncc_elec_2050_mt,total_re_ppa_2050_mt,reduction_2030_pct,reduction_2050_pct
Policy_Target,44.76265446554166,50.122317623174354,1324.6606099770138,1.04217772061485,0,24.481811984,4.81792724024143,13.917972181650656,3.6109276477416277
