scenario,emissions_2030_mt,emissions_2050_mt,cumulative_2025_2050_mt,total_heat_pump_2050_mt,total_ncc_h2_2050_mt,total_ncc_elec_2050_mt,total_re_ppa_2050_mt,reduction_2030_pct,reduction_2050_pct
Policy_Target,53.3,0.0,876.5936479478903,3.0370868268901345,67.14918529848099,0,4.287331331548406,-2.4999999999999947,100.0
