scenario,scenario_key,bau_emissions_2050_mt,emissions_2050_mt,abatement_2050_mt,cost_2050_billion_usd,ncc_h2_mt,ncc_elec_mt,re_ppa_mt,heat_pump_mt,h2_consumption_kt,electricity_increase_twh
Shaheen (성장),shaheen,66.49428880082098,0.0,66.49428880082098,56.90801628687687,58.484781317809365,0.0,4.717660309662271,3.2918471733493444,32.70960923814842,0.0153070893560744
구조조정 25%,restructure_25pct,39.95439440118896,0.0,39.95439440118896,32.48590753711106,39.95439440118896,0.0,0.0,0.0,22.345858166213063,0.0
구조조정 40%,restructure_40pct,34.692672417819644,0.0,34.692672417819644,28.26866690770201,32.58919547735746,0.0,0.0,2.103476940462187,18.226619394495224,0.0097811677731491
