scenario,emissions_2030_mt,emissions_2050_mt,cumulative_2025_2050_mt,total_heat_pump_2050_mt,total_ncc_h2_2050_mt,total_ncc_elec_2050_mt,total_re_ppa_2050_mt,reduction_2030_pct,reduction_2050_pct
Policy_Target,53.3,25.22671272948267,1026.6289580008713,3.2918471733493444,31.043127416254347,0,8.478349188156638,-2.4999999999999947,51.48709090484102
