,cost_2025,cost_2050,cost_reduction_pct,abatement_potential_2050_mt,available_year
NCC-H2,1380.093156986774,276.0555261644623,79.99732664661653,26.792870384000004,2030.0
NCC-Electricity,383.4373820012587,174.33889238514791,54.53263021064137,24.481811984,2030.0
RE_PPA,325.00000000000006,275.0,15.3846153846154,8.363572596296867,2025.0
Heat_Pump,249.9651735844924,111.29295805497756,55.476614418304685,1.04217772061485,2025.0
