Company,Baseline_2025_kt_CO2,Final_2050_kt_CO2,Total_Reduction_Percent,Facilities_Count,Dominant_Process,Total_Investment_Billion_USD,Technologies_Deployed_2050,Cost_per_tCO2_USD
LG Chem,20387.183497314443,4643.409256254005,77.22388059701493,67,Utility,3.3606612688793254,9,213.45969634870505
Lotte Chemical,13906.365026728474,3048.7031020135505,78.07692307692307,52,Utility,2.2182938532921397,9,204.3067714461355
SK Chemicals,7374.308741881511,1630.3201488808315,77.89189189189189,37,Utility,1.1352918436990673,9,197.64869398983032
Hanwha Solutions,4421.935732331163,887.240008229027,79.93548387096774,31,Utility,0.6110395726469049,8,172.86907285410481
HD Hyundai Chemical,2501.237632631651,500.24752652633026,80.0,18,Utility,0.38834840990133324,8,194.0781259819446
Kumho Petrochemical,2365.2186808391148,520.3481097846053,78.0,16,Utility,0.35529035120629393,9,192.58280595977718
OCI Company,572.2830128127483,114.45660256254968,80.0,10,Utility,0.05885761141134591,8,128.5587945421949
Other Companies,471.4676754608993,84.86418158296188,82.0,6,Utility,0.055246394474222464,7,142.9019534201764
