Year,BAU_Emissions,Target_Emissions,Required_Abatement,Achieved_Abatement,Optimized_Emissions,Achievement_Percent,Target_Compliance,Emission_Gap
2025,59.99716268711269,70.0,-10.002837312887308,14.819999999999999,45.17716268711269,100.0,True,-24.82283731288731
2030,51.75242542166703,30.0,21.752425421667027,21.752425409595034,30.000000012071993,99.99999994450278,False,1.2071993182871665e-08
2035,51.74504152345076,20.0,31.74504152345076,31.74504151111503,20.00000001233573,99.99999996114124,False,1.233572888281742e-08
2040,47.57441122450152,10.0,37.57441122450152,37.57441121311503,10.00000001138649,99.99999996969616,False,1.1386489973119751e-08
2045,23.40635671498137,7.0,16.40635671498137,16.406356731462925,6.999999983518446,100.00000010045835,True,-1.648155389943895e-08
2050,20.15247789786468,2.5,17.65247789786468,17.652477931863725,2.4999999660009564,100.00000019260212,True,-3.399904358047934e-08
