Scenario,Description,Government_Support_Rate,Total_Government_Cost_NPV_Billion_USD,Total_Benefits_NPV_Billion_USD,Net_Benefit_NPV_Billion_USD,Benefit_Cost_Ratio,Cost_per_tCO2_Avoided_USD,Implementation_Delay_Years,Success_Probability,Total_Emission_Reduction_Mt,GDP_Impact_Billion_USD,Jobs_Created_Peak,Carbon_Value_NPV_Billion_USD,Health_Benefits_NPV_Billion_USD,Tax_Revenue_NPV_Billion_USD
No Support,Market-driven transition only,0.0,0.0,28.079082906537426,28.079082906537426,0.0,0.0,5,0.6,28.02345655397392,9.819635166612759,34853.52665302739,0.03505527370777653,0.0175146603462337,4.296090385393081
Minimal Support,Tax incentives and regulatory streamlining,0.1,4.428072273383058,32.11304186324506,27.684969589862003,7.252149441253501,5056.418093012299,3,0.75,35.0293206924674,8.183029305510633,43566.90831628424,0.04772608219337626,0.021893325432792127,3.5800753211609013
Moderate Support,Direct grants + tax incentives + technical assistance,0.35,15.751411917181539,36.689130222361776,20.937718305180237,2.329259777807062,14988.788064592867,1,0.9,42.03518483096088,7.201065788849356,52280.28997954109,0.06170800046295249,0.02627199051935055,3.150466282621593
Full Support,Comprehensive support package,0.6,26.293541856630466,38.939431704480754,12.645889847850285,1.4809504142425514,23703.639065957097,0,0.95,44.37047287712537,6.546423444408505,55184.75053396003,0.06735474635475056,0.027731545548203358,2.864060256928721
