Company,Facilities,Total_Capacity_kt,Total_Emissions_kt,Avg_Intensity
LG Chem,67,36564.0,20387.18349731444,0.4603635691077481
Lotte Chemical,52,24854.0,13906.365026728474,0.4524393499241125
SK Chemicals,37,15059.0,7374.30874188151,0.41595621384731823
Hanwha Solutions,31,10632.0,4421.9357323311615,0.3875989729176778
HD Hyundai Chemical,18,5064.0,2501.237632631651,0.3869018392368994
Kumho Petrochemical,16,5152.0,2365.2186808391143,0.4258808422928193
OCI Company,10,1472.0,572.2830128127483,0.3441782133652429
Other Companies,6,1269.0,471.46767546089933,0.32067186441172546
