Scenario,NPV_Billion_USD
Low,1.447647921212843
Central,1.457314091449191
High,1.4735035873348774
