scenario,scenario_id,production_pathway,technology_pathway,bau_emissions_2050_mt,emissions_2050_mt,cost_2050_billion_usd,ncc_h2_mt,ncc_elec_mt,re_ppa_mt,heat_pump_mt,h2_consumption_kt,electricity_increase_twh
Shaheen (성장) + NCC-H2,shaheen_ncc_h2,Shaheen (성장),NCC-H2,68.040036507243,0.0,53.91488348896562,56.26984014573702,0.0,8.478349188156638,3.2918471733493444,31.470827822000572,0.0153070893560744
Shaheen (성장) + NCC-Electricity,shaheen_ncc_elec,Shaheen (성장),NCC-Electricity,68.040036507243,0.0,58.763653711029804,0.0,56.26984014573702,8.478349188156638,3.2918471733493444,0.0,298.24545986176236
구조조정 25% + NCC-H2,restructure_25pct_ncc_h2,구조조정 25%,NCC-H2,40.88318715348254,0.0,32.17098992517743,39.230315153482536,0.0,1.652872,0.0,21.940892144005893,0.0
구조조정 25% + NCC-Electricity,restructure_25pct_ncc_elec,구조조정 25%,NCC-Electricity,40.88318715348254,0.0,35.424225437684534,0.0,39.230315153482536,1.652872,0.0,0.0,207.92067031345744
구조조정 40% + NCC-H2,restructure_40pct_ncc_h2,구조조정 40%,NCC-H2,35.499149482039826,0.0,27.48270155115621,33.57816678010975,0.0,1.920982701930079,0.0,18.77973533563185,0.0
구조조정 40% + NCC-Electricity,restructure_40pct_ncc_elec,구조조정 40%,NCC-Electricity,35.499149482039826,0.0,30.16727340793488,0.0,33.57816678010975,1.920982701930079,0.0,0.0,177.96428393458166
