scenario,scenario_id,production_pathway,technology_pathway,bau_emissions_2050_mt,emissions_2050_mt,cost_2050_billion_usd,ncc_h2_mt,ncc_elec_mt,re_ppa_mt,heat_pump_mt,h2_consumption_kt,electricity_increase_twh
Shaheen (성장) + NCC-H2,shaheen_ncc_h2,Shaheen (성장),NCC-H2,68.040036507243,0.0,58.27449922157338,60.05422880251459,0.0,4.693960531379072,3.2918471733493444,33.587376287759845,0.0153070893560744
Shaheen (성장) + NCC-Electricity,shaheen_ncc_elec,Shaheen (성장),NCC-Electricity,68.040036507243,0.0,63.48657075468819,0.0,60.05422880251459,4.693960531379072,3.2918471733493444,0.0,318.30271974268345
구조조정 25% + NCC-H2,restructure_25pct_ncc_h2,구조조정 25%,NCC-H2,40.88318715348254,0.0,32.680349457467784,39.96808967881619,0.0,0.9150974746663444,0.0,22.35351771745872,0.0
구조조정 25% + NCC-Electricity,restructure_25pct_ncc_elec,구조조정 25%,NCC-Electricity,40.88318715348254,0.0,35.97903188073544,0.0,39.96808967881619,0.9150974746663444,0.0,0.0,211.8308752977258
구조조정 40% + NCC-H2,restructure_40pct_ncc_h2,구조조정 40%,NCC-H2,35.499149482039826,0.0,27.48270155115621,33.57816678010975,0.0,1.920982701930079,0.0,18.77973533563185,0.0
구조조정 40% + NCC-Electricity,restructure_40pct_ncc_elec,구조조정 40%,NCC-Electricity,35.499149482039826,0.0,30.16727340793488,0.0,33.57816678010975,1.920982701930079,0.0,0.0,177.96428393458166
