scenario,year,target_emissions_mt,bau_emissions_mt,required_reduction_mt,required_reduction_pct,stringency_factor,retirement_threshold,facilities_retired,stranded_book_value_billion,retired_emissions_mt,retired_capacity_kt,avg_retired_age,avg_retired_intensity
scenarios_shaheen_ncc_h2,2050,25.22671272948267,68.040036507243,42.81332377776033,62.92372252505003,0.6292372252505003,0.5,5,0.2104,4.300805837520107,1820,25.4,1.9260882923153233
scenarios_shaheen_ncc_elec,2050,25.22671272948267,68.040036507243,42.81332377776033,62.92372252505003,0.6292372252505003,0.5,5,0.2104,4.300805837520107,1820,25.4,1.9260882923153233
scenarios_restructure_25pct_ncc_h2,2050,15.56294768795598,40.88318715348254,25.32023946552656,61.93313493507737,0.6193313493507737,0.5,5,0.2104,4.300805837520107,1820,25.4,1.9260882923153233
scenarios_restructure_25pct_ncc_elec,2050,15.56294768795598,40.88318715348254,25.32023946552656,61.93313493507737,0.6193313493507737,0.5,5,0.2104,4.300805837520107,1820,25.4,1.9260882923153233
scenarios_restructure_40pct_ncc_h2,2050,11.825323527784631,35.499149482039826,23.673825954255193,66.68843141223017,0.6668843141223018,0.5,5,0.2104,4.300805837520107,1820,25.4,1.9260882923153233
scenarios_restructure_40pct_ncc_elec,2050,11.825323527784631,35.499149482039826,23.673825954255193,66.68843141223017,0.6668843141223018,0.5,5,0.2104,4.300805837520107,1820,25.4,1.9260882923153233
