product_group,emissions_kt,capacity_kt,n_facilities,emissions_mt,share_pct
Olefins,46305.33944058005,25317,39,46.30533944058005,89.0487296934231
Aromatics,5082.718864713267,14374,37,5.082718864713267,9.774459355217815
Other,477.52863997977266,39315,108,0.4775286399797727,0.9183243076534084
Polymers,123.69485462268808,18105,57,0.12369485462268809,0.23787472042824617
Intermediates,10.718200104251723,2955,7,0.010718200104251722,0.020611923277407147
