Process,Emissions_tCO2,Emissions_MtCO2,Share_of_Total_Emissions,Energy_Naphtha_GJ,Energy_FuelGas_GJ,Energy_Electricity_GJ,Total_Energy_GJ,Energy_Intensity_GJ_per_tCO2,Korean_Data_Aligned
Naphtha Cracker,132184672.29621,132.18467229621,50.549236234331886,1527350710.8600001,158610637.79999995,33494400.0,1719455748.66,13.00798132484609,Yes
BTX Plant,83240965.307466,83.240965307466,31.832489702526335,704931097.32,111027446.45999996,58615200.0,874573743.78,10.506530535170983,Yes
Utility,46071235.827684,46.071235827684,17.618274063141783,117488516.22000001,47583191.33999998,75362400.0,240434107.56,5.218746648326812,Yes
