TechGroup,Production_kt,Share_pct
BTX,3100,26.72413793103448
C4,1000,8.620689655172415
NCC,7500,64.65517241379311
