TechID,Year,Build_share,Share,Abatement_tCO2,Activity,Cap,Abate_per_activity
ELEC,2030,0.0,0.0,0.0,100000000.0,1.0,0.5
H2,2030,0.166666666666667,0.166666666666667,10000000.0,100000000.0,1.0,0.6
