region,emissions_tco2,capacity_kt,facility_count,company_count
여수,22357984.622521386,10766,13,6
대산,17949104.689991858,8643,13,5
울산,7841700.718432171,3776,11,8
온산,5154422.982825384,2482,4,2
